Room_Type,Correlation,R_Squared,Slope,Sample_Size,Interpretation
Deluxe,0.5088102607802724,0.25888788147528874,242184.1087601237,609,Strong
Executive Suite,0.5936786083610044,0.3524542900254588,890798.6653519389,609,Strong
Suite,0.3701651785243045,0.13702225939193027,1256537.3631000111,250,Moderate
Family Suite,0.03781567644640972,0.0014300253850995455,245582.0909815229,73,Weak
