Room Type,Overall Correlation,Holiday Correlation,Weekday Correlation,Data Points,Holiday Points,Weekday Points
Deluxe,0.4754198231848613,0.473181680902485,0.49513204341282774,609,214,395
Executive Suite,0.5385624780378568,0.5964651825652931,0.505195937936113,609,214,395
Suite,0.3910847506659399,0.46153799108849325,0.32882098698649476,250,90,160
Family Suite,0.03335516022635712,-0.08462073434965296,0.2124828454063438,73,41,32
