Analysis,Pearson,Spearman,Count
Overall ARR-Occupancy,0.32766713748802484,0.3832289554767224,1541
Block: 1-day Holiday,0.5206424969075161,0.4255496070161924,20
Block: Weekday,0.25743221524789484,0.31235461365752915,693
Block: 2-day Holiday,0.19013601446193112,0.2513627520887259,440
Block: Long Holiday (4+ days),0.2724175738850415,0.3207980603902984,329
Block: 3-day Holiday,0.3453666859018453,0.4285026699155295,59
